5_augmented,4_augmented,3_augmented,2_augmented,1_augmented,target
-0.2704874465652276,-0.36923683181919953,-0.19067147872630796,-0.10080174382382563,0.5905431305568375,4.0
-0.299555973564693,-0.1546887404473415,-0.08177885277422844,0.4790982566238578,0.3774405266915132,6.153846153846154
-0.1616654787704026,-0.0854672250146124,0.5007064432173565,0.39446376819978235,0.6068673356919729,0.7246376811594203
-0.12244912297815144,0.71736346688444,0.5651493008514314,0.8694604628483562,0.10238211971946222,-1.1510835277090827
0.6740445572027008,0.5310220381032924,0.8169569816973731,0.0961996445839298,-0.1528126802278012,8.442508456190282
0.32804767780869115,0.5046887350902941,0.05942892713925564,-0.0944025695572002,0.692386323483365,0.6711409395973155
0.45655102863044256,0.05376053779162819,-0.08539835989996028,0.6263458369829185,0.04979163902848786,-2.6666666666666665
0.04933655629123689,-0.07837088621981389,0.5748035252895439,0.04569426018919927,-0.18155852715175175,-1.36986301369863
-0.0728937504470383,0.534632013870742,0.04250080814131999,-0.1688698776815114,-0.08674822483639284,-3.4722222222222223
0.22033650679040553,0.23141300930056663,-0.513668923409224,0.15852350446877686,0.46877664892909726,-1.0958945914490583
0.22340218583860957,-0.49588724779918836,0.15303589678108312,0.4525490090526315,-0.11572073599016229,-6.509691339199725
-0.30307770641837584,0.09353289241039825,0.27659012469932054,-0.07072651173144806,-0.42012047916144574,1.629627369068287
0.10865943957871556,0.32132148561134455,-0.08216471157949808,-0.48806419479602375,0.12218133368511673,-3.790085323546948
0.29371088632887654,-0.07510444008142249,-0.44612568302487793,0.11168250308946308,-0.25974417458290955,-1.8181771943063447
-0.1478364240955552,-0.8781588093071889,0.21983709448985086,-0.5112833529996227,-0.24527250784486973,-1.234572552595136
-0.8858849331339755,0.22177124193077852,-0.5157816720439493,-0.24743043844561266,-0.16800938265979865,2.218747138977051
0.32618838329378935,-0.75862852312067,-0.3639287672810145,-0.24711368539430778,0.4441073805813813,0.6725809442396437
-0.8835930652769615,-0.4238766737922249,-0.2878193108944204,0.5172626519575335,0.15680065418986824,-4.767688066426934
-0.32378678382182563,-0.2198566110339897,0.39512155497986795,0.11977535604184258,-0.8490450711450157,10.299743237792361
-0.04923357321716839,0.08848151490780186,0.026821885107593153,-0.19013084245363712,0.4107439143612491,1.4165992376560796
0.09495421966902357,0.028783991470959138,-0.20403951942969373,0.4407911405293272,0.06062523882617073,-0.3705845533911874
0.02781613568305885,-0.19717873259129903,0.4259696291678155,0.05858672765061168,-0.015326378642541747,-1.2017223876227865
-0.18826346994580467,0.40670978773802796,0.05593778038494548,-0.014633409937413838,-0.0474528583777452,-4.141327413058484
0.430529984751395,0.059213946804914014,-0.015490460144209165,-0.0502320795066288,-0.17310777432319396,2.477340581949958
0.2702013094866382,-0.07068508081897604,-0.22921582487390715,-0.7899143669403709,0.47252649266904406,4.982318787250094
-0.03775076008321321,-0.12241722739556789,-0.421869330941527,0.25236208335666865,0.5075395600663932,5.082834955267025
-0.0924056990106454,-0.31844480753381676,0.19049357032897488,0.3831123185950257,0.3908414471051883,1.7637725665553587
-0.3671896354976889,0.21965270903756756,0.44175590021088096,0.45066813810334533,0.15638440075328078,0.07877830318907875
0.6685713224016185,1.3446013376151564,1.3717280992172802,0.47599743282348284,0.021260263818155115,0.7347120829507959
1.1146389749707284,1.137126343457283,0.3945892925795379,0.017624196858160673,0.16436899323555393,4.324042390737092
1.3055988058848225,0.45305019285760173,0.020235333131703146,0.18872129955266598,1.1106920904625592,2.571791794295518
0.8002275955358519,0.035741894015569604,0.33334053080272774,1.9618277951178436,1.166827743435901,0.34079694111066
0.030269741760165277,0.2823054587202235,1.66146821179267,0.9881841867981441,0.13094767191563533,1.5526428207066425
0.3588569530818797,2.1120010318936306,1.2561456231334056,0.16645615982715037,0.7583605670747563,10.033446492355843
0.3750293567363846,0.22305457142156943,0.029557725399789986,0.1346625647191491,0.8702127879083348,0.08683695101509786
0.19115132562131362,0.02533011700460613,0.11540192874586447,0.7457472264350639,0.006454254320379748,-3.1236413760780244
0.01753885268519804,0.07990556962265048,0.5163636134195975,0.0044689969532062815,-0.16075580302416073,5.9785087164466155
0.07297856544465713,0.4716001141489861,0.00408158014718774,-0.14681990187930008,0.28100667056579126,-2.302979316330192
0.3897938617199332,0.0033735676471636886,-0.12135174444167823,0.23226176585338373,-0.08946947610249337,1.7733556770307797
0.008224423544081427,-0.29584352486323945,0.5662311639372356,-0.2181177147441009,0.1679564748843683,5.057367581737344
-0.22758909707011166,0.435595267440807,-0.16779550533192814,0.12920702754499255,0.36848075143774306,3.054211525432203
0.7063621105505288,-0.27209750919357617,0.20952236054089707,0.597529084308012,0.3608557587675979,6.457312789522978
-0.25235166645574664,0.19431753344210842,0.5541669992782977,0.33466881907534224,0.7075676414926586,1.5486727997675735
0.48911427310410155,1.394886937009408,0.8423907676937009,1.7810098065276787,0.42714384967751917,-1.0893287379668746
0.7221197612830031,0.436097725151955,0.9220119152379594,0.22112832701977822,-0.15554056443512992,6.497799091908788
0.35857559189144195,0.7581121137979209,0.18181984489245587,-0.12789117378684325,0.7628653536179537,-0.9651867784776649
0.5621112593780256,0.13481249030622725,-0.09482643457642842,0.5656356056755399,-0.0840198350721646,0.2610538257377748
0.1986184577814043,-0.1397072344683885,0.8333476476128623,-0.12378593427934347,0.033480350577445424,-1.7184545529911173
-0.1195022463165854,0.7128257618964805,-0.10588354472170079,0.028638295766829556,-0.18851901369891788,-1.4482509895676585
0.6928552724317294,-0.10291711684074227,0.027835966762363874,-0.18323747481771477,-0.15442587862956772,1.881719088560796
-0.5484140973439328,0.14832942327076754,-0.9764169210767981,-0.8228886645379843,1.06918297931471,-0.3693915393300331
0.15524664210127073,-1.021951309089385,-0.8612633904705401,1.1190434350131633,-0.21967422212464047,-1.5360150799079408
-0.9492698347096293,-0.8000100876057644,1.0394567403943993,-0.20405092754569262,-0.8484907433122243,-4.930966428954325
-0.2986197601216873,0.3879980106280974,-0.07616608837853793,-0.31671613415733496,-1.0167326125024843,2.3198784074250614
0.27394752961656527,-0.05377736787381983,-0.22361867887326606,-0.7178680813975336,0.3377363617068788,6.027650613389257
-0.027134043817813647,-0.11282960232017412,-0.36220932236315695,0.1704091070229703,0.4427674119413101,-0.9735767886549631
-0.11102945581917963,-0.35643043250737805,0.16769030494056547,0.4357032533253931,-0.0703741144579281,3.8974741158454465
-0.3326039017649623,0.1564806049781787,0.40657752215003073,-0.06566977148191862,0.2628927040237511,-9.040213664299682
0.08370034694261336,0.2174753840437365,-0.035126287104048616,0.14061941119500546,-0.32616753434810347,-20.063166792476792
0.06616410843923644,-0.01068672428946085,0.04278166014916337,-0.09923230717287168,-0.22022868086335723,8.2035851595063
-0.009676422215138447,0.0387371654264651,-0.08985107836401955,-0.19940869083882173,0.08153579112223444,-2.362547801489911
0.03918420102909124,-0.0908879800195967,-0.2017099119864362,0.08247673249258634,-0.023752447160085063,-1.3418403489583761
-0.10323085525426368,-0.2291027561965004,0.0936773337018937,-0.026978104631532197,-0.015322572229091608,8.09364814183836
-0.18872052020281851,0.07716552799684062,-0.022222875118019184,-0.012621776577140979,0.07613142548558502,-4.269801391026853
0.2837340168233439,-0.08171246651558306,-0.046409678785916335,0.2799316705303506,-0.14767785988179574,5.796161679709599
-0.10034854813340109,-0.05699428843720025,0.3437754104377842,-0.18135860368087064,0.24619032425016413,-6.109979823280842
-0.04313877477529427,0.26020238888499436,-0.13726968389773714,0.18634058325663,-0.19642951091961885,1.3015234461562497
0.2667131673139116,-0.1407044428970509,0.19100319321612327,-0.20134456580431273,0.0428896135060801,-0.38543961934713133
-0.2417482362216898,0.32816792506326914,-0.34593572636244574,0.0736898437877412,-0.02182287643236718,4.836629359113646
0.3211293079102915,-0.3385160215362259,0.07210932796376285,-0.021354814624210405,0.2679675834695798,0.28706046408525526
-0.48763755951753474,0.10387460111082479,-0.030761940424686645,0.3860114444212017,0.02291029891901341,-7.687586042248065
0.0775881671832817,-0.02297734528969483,0.28832765819681366,0.017112634693546177,-0.45828272463575676,12.203761097051133
-0.008983524398333798,0.11272836437232844,0.006690580193273809,-0.17917622711387166,0.2844356938513348,4.559813225915394
0.11408658173351972,0.0067711922222475724,-0.18133504724520103,0.2878627416904695,0.10755703314494094,-2.1899184834429035
0.006424519999134923,-0.1720510361149034,0.27312471427407864,0.10205031666608416,-0.04901119051063644,-2.007336205290052
-0.16504942386365035,0.26200991142973973,0.09789738179543146,-0.047016681441254295,-0.04309671233115526,4.096903678556796
0.4364695175187693,0.16308246800831783,-0.07832279379057351,-0.07179270866197253,0.14652643211219882,-0.6244049685621298
0.5199330128959141,-0.24970560386589974,-0.22888664719419213,0.46714972030652907,-0.07119781896472582,-2.4942904833835873
-0.3631865110513981,-0.332906196471881,0.6794500180615857,-0.10355429379211886,-0.4136650131308,4.374149030488825
-0.22645567156272167,0.4621881832302753,-0.0704416360897578,-0.2813909423835246,0.4934653465644257,4.115997626822981
0.4931197891874578,-0.07515589103950424,-0.3002228252951457,0.5264901537907294,0.49541801352528125,1.6172465166296803
-0.08786246427321998,-0.3509813654878319,0.615503611065233,0.5791781177977737,0.22756908007247212,-0.5305026367956867
-0.35470190838732557,0.6220281956014478,0.5853176375717639,0.22998140337012396,-0.07544041038102309,1.0844455295138888
1.2558754689370528,1.1817568202865816,0.4643326538035531,-0.1523142542959198,0.31135851303236134,-0.6331350799986153
1.3700284468952655,0.5383078257834548,-0.17658020471795954,0.3609626047547583,-0.21074187814703466,1.7168163198285398
1.5250070258430521,-0.5002454727976006,1.022594288902374,-0.5970242850284532,1.6188978754313468,0.9222181451876271
-0.610376328101772,1.2477221307120394,-0.7284613468769824,1.9753041147007957,1.061069420066316,0.310345353751347
1.7168716502877308,-1.002366315382884,2.718027958108876,1.4600366231057376,0.4913323215902295,6.7548990796862585
-0.09459194041831213,0.2564965868496219,0.13778166239416892,0.04636636025792729,1.0091985604064009,1.2236327709945924
0.3163315107065861,0.169923046338098,0.057182596331993164,1.2446220401499244,0.2254601138911954,-0.8907230286427523
0.13166867638187843,0.04430921486736967,0.9644232501351473,0.17470281643782792,-0.12717199592769698,-2.5357114367388705
0.031211314324588083,0.6793376342146817,0.12306028291301001,-0.08957967659922589,-0.2550155358598348,4.050714808192585
0.6035926801426392,0.10933927732185965,-0.0795916998582633,-0.22658175112819676,0.3619568225561114,2.357970740383917
0.22533908397472505,-0.16403182074504735,-0.46696599333027844,0.7459626662164681,0.43423401143909396,-3.061223767616287
-0.11549418440262112,-0.32878898922463307,0.5252294910716397,0.30574252461043194,-0.3969287095377927,-1.881978135275004
-0.30861583940797227,0.4930035541979519,0.28698341175560205,-0.372574784721384,-0.22905140291212003,-1.3491577127417647
0.5518870092469182,0.32126019268754,-0.4170744448185831,-0.25640888922724514,-0.18381511667559128,1.4005640271085507
0.5622057178463784,-0.729880772600637,-0.44871585995219027,-0.32167667197450656,0.3339333651452242,-1.9337055958769036
-1.3768875107362402,-0.8464824484087298,-0.6068286886894626,0.629950393470856,-0.8697485994226808,0.9610635388887379
-0.9035021596916643,-0.6477051376841468,0.6723843383515833,-0.9283355366014084,0.4613884543669285,9.519125262937383
-0.08004621659839012,0.0830961795015161,-0.11472774124422058,0.057020390924028254,0.5647745667004446,-8.077330935403968
0.04328545481249607,-0.0597625846237112,0.02970237103004061,0.29419552298085033,-0.24963581560195744,3.6843793868785237
-0.0566590004821042,0.028159870680074375,0.27891739260205,-0.23667175517255004,0.10795503405612213,-4.088048013364396
0.025797856332322507,0.25552215436930675,-0.21682002759268093,0.09889990229612328,-0.10973559089584872,3.2131132532338627
0.2467970552755136,-0.2094164573193538,0.09552285090099075,-0.10598854239805618,0.08330459651080854,4.2884444359888825
-0.3255595351660455,0.14850014815042895,-0.16477014766522338,0.12950560841498573,0.17284719275849877,1.8275919605753441
0.39694758293675353,-0.44043802427447926,0.34617432290375655,0.462028329516458,0.1969010612557051,5.145082874668197
-0.3808901723569497,0.2993710584674475,0.39956143739679917,0.17027975566481418,0.4793758528560797,2.275957901371793
2.115830423173052,2.823934449437866,1.20346665883624,3.3880296204975693,1.4987149814084189,-0.8623125638723028
0.9748076785719032,0.4154305140377346,1.1695304364970351,0.5173487196767238,-0.19601254514048802,1.9921411241069604
0.5031452951425325,1.4164672954091804,0.6265827026603843,-0.2373990030674339,0.5484465107511348,1.2242082902452678
1.3718517130608174,0.6068467353992915,-0.22992146030657917,0.531171660464513,0.3264150026396864,3.0031346974388704
1.2995427149092356,-0.49236939298373095,1.1374869822257692,0.6990072022689152,1.714751321013254,2.9947184059035004
-0.4207536389982224,0.9720380549739264,0.5973357162969117,1.4653385620116626,1.4612319474976925,-3.6761915688495934
0.323033080057171,0.1985099197260582,0.4869694417734194,0.485604708851424,-0.59610811252041,2.8058519893342684
0.18659346262208445,0.457736895249563,0.4564540866029176,-0.5603240229294062,0.4276671236967789,-1.2029495984279757
0.39786110775341516,0.39674610113173625,-0.4870289871258884,0.37172471205527036,-0.15936909530240026,0.7069925830655603
0.4712811134286185,-0.5785250634346834,0.4415590617944626,-0.18930909331176501,0.11125996056126317,1.3130553305684216
-0.7335463609059681,0.5598790154075165,-0.24003626681410312,0.1410731260279626,0.2620067375074425,4.491210042722847
0.7564209931964786,-0.3242994760475911,0.19059595228039122,0.3539825411482782,1.2107714783545884,-3.352576871794598
-0.17527122313700655,0.10300968132382785,0.19131376255168428,0.6543747789449649,-0.48847453770978616,-5.883097119384809
0.05294949215164404,0.09833994667828051,0.3363646190988203,-0.25108784308761267,-0.44060858941336184,3.1996797034517064
0.08419947185034013,0.28799815572318865,-0.21498347813002622,-0.3772527012110143,0.205178970641137,-1.1381511234891923
0.2950268327212273,-0.22023021113043895,-0.3864596608069583,0.21018642184444514,-0.07476495597555026,2.051082516894561
-0.297521667035184,-0.5220905975385778,0.28395293404264693,-0.10100428194423773,0.18202162485435724,-2.204362703698248
-0.5651342368330396,0.30736336841392037,-0.10933155674999144,0.19702835587184866,-0.21175255294578468,-0.5436171342730983
0.7795514736775021,-0.27729256294827637,0.4997138922856714,-0.5370581912726842,-0.1324437373158874,-9.34542319236194
-0.07796259714288248,0.14049779213962052,-0.15099738328102055,-0.037237413173545286,-0.6401552908389175,0.2941131591796875
0.13185221236206107,-0.1417057075651383,-0.03494599619539164,-0.6007631156830641,0.018906831101730047,2.0381223634120174
-0.1418946440810106,-0.03499258976510942,-0.6015641143999969,0.018932039619128014,0.13119376718936013,1.0202712332671877
-0.03221679289106335,-0.5538448744266595,0.01743025033325783,0.12078678527395871,0.060465104836754185,-1.137984376997561
-0.5579797349975213,0.017560380010665868,0.12168854773303617,0.06091652145076786,-0.06794472631559204,-1.5251763433003598
0.16696687072355354,1.1570339597171617,0.579203921317262,-0.6460292048459213,-0.8658365441815314,4.719455891756241
0.3941093111848022,0.19728864183181216,-0.22005069323058615,-0.2949215458718498,0.9125956046884823,1.4092397963365706
0.2048996299640185,-0.22853979427112922,-0.3062990096970412,0.94780165736489,0.28301563680793673,6.4391858634080155
-0.11443283578053896,-0.1533678823339655,0.4745765688451068,0.14170959588659499,0.6475082728392471,0.9436345938205455
-0.18967743058843176,0.5869316497439726,0.1752590674686624,0.8008045987716027,0.11735442000295368,0.4738158073167939
0.8512917174071697,0.2541975587816029,1.1614952482000445,0.17021206096692126,0.08546652020838746,0.879432130330986
0.28467231553745653,1.3007423964875204,0.19061812300678563,0.09571276893950768,0.1776489576509012,-2.994318004917706
0.7041384203206554,0.10318841330991718,0.051812747941154265,0.09616773986125447,-0.32743492650242384,4.2198462038048
0.1802210932785893,0.09049223435268551,0.167959315004416,-0.5718731254702798,0.8059319797063671,-0.9997443838090931
0.08379664384496215,0.15553187519953385,-0.5295597899900484,0.7463004483181435,-0.1768096858998195,-3.7490547525098417
0.10671847938114837,-0.36335841419410614,0.5120754115759564,-0.12131828793859845,-0.4549451953204591,12.485241499103484
-0.08242188266296054,0.11615588861788166,-0.027519059151344717,-0.10319683827866279,0.34366994693541736,1.1542561873751618
0.1355135708765108,-0.03210518224373992,-0.12039486094684772,0.4009434413210615,0.0370670801974921,2.7201481699434398
-0.03273443272986728,-0.12275455864932103,0.4088017943260518,0.03779358217018038,0.08906527381031859,14.452420171084373
-0.07776208068721754,0.25896617172707814,0.023941331535982095,0.056420723471888964,0.29976896515503293,1.8039179783241421
0.3806966909168017,0.035195275240412535,0.08294204058249256,0.4406793841565767,0.055004591227381563,-2.157162887872877
0.035868405069666535,0.08452835468953966,0.4491076301807041,0.056056585588788344,-0.06703363872748949,2.549216541518813
0.08738052676509371,0.4642615066097951,0.0579480577303493,-0.06929550071691945,0.08188961421202137,-1.679623724919437
0.39860661474624387,0.04975316452937885,-0.0594958758472577,0.0703089561361473,-0.046325052767088176,-2.3526001607505345
0.408357660369021,-0.48832264022614164,0.5770728576227849,-0.38022084310374105,-0.5325642900462543,3.678896681079864
-0.3264303634552657,0.3857574626618554,-0.2541672611168385,-0.3560046994392617,0.5567050997727162,6.1228411244599155
0.24493997173984142,-0.16138565752057277,-0.22604820245912,0.3534846233818259,0.5883095875014284,1.7990218070643509
-0.1641563726780236,-0.22992906269472155,0.35955334856457627,0.5984098548759071,0.17582562679656843,-0.26776423536804506
-0.2689493099961244,0.4205715618109148,0.6999633525120741,0.20566421857404782,-0.03061081417290267,-0.4743142915959562
0.5938603780340256,0.9883704436479956,0.2904043964945202,-0.043223440021420666,-0.0765654730024751,1.0610559436112208
1.0717051562307818,0.3148899191749893,-0.04686783567709168,-0.08302111089354376,0.18572082840345916,-1.9307751407863945
1.0734183027565876,-0.15976628517733207,-0.28300804351501263,0.6330978677682064,-1.1520312685978513,3.7470488184337025
-0.07324399986177503,-0.1297435255322305,0.2902403350483843,-0.5281425801713103,1.02496452807519,8.185396357893135
-0.03723213169654498,0.08328944611179324,-0.15155957893718905,0.2941311648272002,0.6425270344691741,0.31525292420553247
0.08827049735690198,-0.16062346475484668,0.31172141753246296,0.6809527922868329,0.02622626316773765,0.21756992407799441
-0.15391875430042543,0.29870960851572437,0.6525286058681105,0.02513153207655175,0.017344376867046006,1.358844395505301
0.4180756229377825,0.9132826517988364,0.03517423152369785,0.02427528595142667,0.15161257422951419,-0.26177551011515143
0.82191865749403,0.03165543229732765,0.021846807667025608,0.13644538547238727,-0.02628561482318254,1.1612177248797808
0.8510808963753801,0.5873684010236162,3.66844021851905,-0.7067091807613932,3.134912149247304,-0.5267755212509736
0.38460887617620987,2.4020949497885793,-0.462753228335688,2.0527407271687306,-0.9312065630580687,-4.3471389076277
0.3224561713835798,-0.06211979019299418,0.27555901392833504,-0.12500476016462025,-1.0315837289853673,1.189888019624856
-0.06398153530799955,0.28381758412766955,-0.12875118301739974,-1.0625005424870029,0.29082499851382,-1.723012106913449
0.2725512455052292,-0.12364031425156133,-1.0203238361529778,0.2792804956487208,-0.40441089185791373,2.7004570346536805
-0.08962710691240088,-0.7396347550693735,0.20245098043933607,-0.29315825069274204,0.45946355058882327,3.2038827939806054
-0.5349691750459933,0.14643042833043418,-0.21203793690889075,0.33232461689709436,0.39427737913606276,4.492000499535155
0.26251314351878274,-0.38013100144446726,0.5957749413493965,0.7068407529464464,0.9910253337895553,-0.14253671857372158
-0.3292009731584119,0.5159528944767462,0.6121380862223321,0.8582475595740706,-0.027233254065366176,-1.3148008412854435
0.574485497205098,0.6815824789165187,0.9556119972676954,-0.030322747812319455,-0.27970599248153444,2.504753051583417
0.6911866081053024,0.969077456489447,-0.03075002344858782,-0.2836473092990383,0.5403605179059581,1.6339846689061486
1.0913909970253513,-0.03463118301366931,-0.3194482728149262,0.6085629176917511,0.39699820984128625,0.11692755509455566
-0.07797194955482878,-0.7192363195756594,1.370176615117978,0.8938396467392965,0.0639629529754237,-2.1240902643134123
-0.43639329263802873,0.8313482902528312,0.5423330495338555,0.03880922430650454,-0.7050031572826413,-5.339694405444323
0.31369756332903015,0.20464173457292234,0.014644113956062573,-0.26602300765131626,-0.6687482116652703,0.7642017004419495
0.26023994730669453,0.018622708863528237,-0.3382976284775258,-0.8504374717523724,0.12171216415869698,-0.8600457083642202
0.025110404241044323,-0.45615223150988393,-1.1467090450657413,0.16411369932667225,-0.18469637362499194,5.07886615647599
-0.18027707650559835,-0.45319378042437336,0.06485978996792474,-0.0729943207075548,0.4310566071676217,-4.713303925083975
-0.3672154259596419,0.0525548152457466,-0.05914609098597828,0.3492780405449341,-0.32413800811564275,3.1742331740330645
0.06699128803085984,-0.07539314520683793,0.44522249212727905,-0.41317665302194384,0.2782589579633009,-1.6337119626734553
-0.07017833690580466,0.41442725283354176,-0.3845979668023834,0.25901228613600213,-0.13330825025754042,0.8536987137143408
0.42351830966391957,-0.39303467541443166,0.26469409252525106,-0.1362325581324772,0.07118853402615144,1.1465990982343133
-0.641640318421709,0.43212065610537514,-0.22240353700943963,0.11621731235889135,0.15609097613623577,1.993301178121516
1.256006385963774,-0.6464404300003377,0.3377984468456389,0.4536956520093382,0.7887256139059113,-0.7757670483905995
-0.9297581243064366,0.4858465463440533,0.6525384224776407,1.1344031303506494,-0.4414950323495625,1.4884947105275204
0.9691717525764136,1.3016904438140278,2.262919183522494,-0.8806988903714438,1.689831557817474,-0.7407407407407407
0.853467423697546,1.4837074473234944,-0.5774397565800916,1.1079563447569871,-0.5513680349141692,-2.552237439511427
0.7230283540282743,-0.2813932878100341,0.5399203554109858,-0.268688226555,-0.9257708043489594,4.793991743800985
-0.12166119815874846,0.23343612017477383,-0.11616812834533048,-0.40025967269524354,0.7518272150434423,-0.014607581267773022
0.2440892117227058,-0.12146957743250758,-0.4185259244345856,0.7861376043014885,-0.0023954085772749933,-7.360040041772634
-0.04790379371201572,-0.16505350533869212,0.310028028595401,-0.0009446740555719203,-0.4759746838288899,-2.1696252465483234
-0.1642184804902666,0.30845956080034087,-0.0009398948398355034,-0.47356667263637986,-0.13960008410882435,0.016126325053553426
0.3097780438047173,-0.0009439123368746901,-0.4755908913303639,-0.1401967922731926,0.001042050486488315,1.1691699861997893
-0.001578501823070985,-0.7953292479326888,-0.23445068312664472,0.0017426179618544168,0.12634103626504106,0.398501629979659
-0.7702634166823634,-0.22706166621943125,0.0016876970999859925,0.12235923488750793,0.041705102868937,0.2778427170988799
-1.7242452912602297,0.012815918363393757,0.9291631569069105,0.3166973467630367,0.22080725573729704,-3.2061455522024955
0.006998635580106009,0.5074060356241465,0.17294502479914564,0.12058047441708211,-1.3914294956927382,0.14721543315425337
0.5035391271892519,0.17162702200017171,0.11966153845481381,-1.3808255018974396,0.06340286835469036,-3.3646347242695
0.13064170920197538,0.09108581928001488,-1.051078096999064,0.048261975262591794,-1.1030359681121542,-1.208484985251213
0.11255465782120508,-1.298816176724559,0.059637275641745716,-1.363020467254943,-0.48955976034673854,9.717701311100665
-0.1374306124602689,0.006310352045026246,-0.1442242104522648,-0.051801401080503316,0.41654679151203233,6.143774536332539
0.006194470545015437,-0.1415757183038345,-0.05085013496776692,0.4088974453771919,0.258515222114321,0.19832839258956805
-0.14183432940441415,-0.05094302101861087,0.4096443631371023,0.25898744225848513,0.008360424494787931,-0.41786328635447506
-0.06554378665998915,0.5270524245924962,0.33321576387872587,0.010756603525203934,-0.02266336977961405,1.8772107777556863
0.6519023426004199,0.4121490138896184,0.013304663273157465,-0.028031943619219818,0.12593082092117527,2.247272652697324
1.1663019110567778,0.03764962108002593,-0.07932497303630076,0.35635984110506974,0.42661044509473495,3.526505648879196
0.09742000426002394,-0.20525675928309717,0.9220963250802904,1.1038727664791457,1.73223909522514,0.42323373195342806
-0.2167303588708669,0.9736403719232654,1.1655778921113633,1.8290691233241487,0.21951581200821232,0.7273414866360869
1.5077895556319503,1.8050259856516362,2.8325153724155463,0.33994445812497054,0.5842060518312436,2.557705987484044
1.6635131714265754,2.61044808647475,0.3132930429476367,0.538404693214179,1.893307246768415,5.810358465570481
0.9083614587447965,0.10901704078353223,0.18734947270433178,0.6588169063530952,1.4966389443593315,0.24253692925795883
0.09613273003394363,0.16520734879649948,0.5809538338689435,1.3197568615173367,0.05508950582932899,0.4342682161672164
0.16546024897917969,0.581843160716596,1.321777151497187,0.055173837102662125,0.09879008483771923,0.08647809634706154
0.5355170502997972,1.2165378045376964,0.050780919144172335,0.09092445937837616,0.018106262134090955,-7.634385737444106
0.31552667132821927,0.01317076569653915,0.023582573351166203,0.0046961209097295025,-0.41457895130655453,0.895360353535714
0.023232170474176677,0.04159776105181438,0.00828357925848227,-0.7312838975102359,0.08576493663378158,2.768207070053808
0.03363085657607516,0.006697087990662832,-0.5912266249841175,0.06933902715567128,0.21437713256456578,-0.10954902498319546
0.006800973320452329,-0.6003977412965265,0.07041461518936484,0.21770255387407322,-0.008615360740622894,-0.04515325973164966
-0.6024748604387998,0.0706582196119761,0.21845571150753992,-0.00864516620037245,-0.003563312726229885,1.80715309644886
0.7348086722522154,2.2718255880248757,-0.08990522450156238,-0.03705659592838948,1.4831031574206273,-0.3550226942315414
1.7829548679707092,-0.07055865490995823,-0.02908244296974709,1.1639564270093443,-0.228664050376802,2.3476285871941105
-0.08749984267039418,-0.03606516007952466,1.4434232677547518,-0.28356646619579257,1.8751160227990609,-4.46322676304609
-0.007859518704443276,0.31455876381338466,-0.061796369130329064,0.4086356312212089,-0.7768833177230051,-2.6156576280838757
0.2696058071680725,-0.052965175019961105,0.35023833975386764,-0.6658604942712094,-0.39022509353558543,-1.2494121334034338
-0.06845184737820781,0.4526457501517428,-0.8605537678645117,-0.5043243704146714,-0.24089887789661918,-4.479032638218764
0.3666437874096124,-0.6970499394143979,-0.4085035531424208,-0.19512847949004908,-0.6995184414458708,10.61765566710893
-0.13933606495880355,-0.0816573883707287,-0.039005002304970365,-0.13982950357770252,0.3314692347678999,-0.30735463479982966
-0.09307044078284425,-0.04445663558058087,-0.15937312951203972,0.37779787477086596,-0.010936305665671385,-0.32758029265041705
-0.047709563941411764,-0.17103459165764898,0.40544165405047944,-0.011736524089715098,-0.012508853164070367,-2.4938750482306764
-0.1629856466544155,0.3863614344069324,-0.011184199346447194,-0.011920182356631264,-0.09074857681162891,4.5403444769253545
0.4790053319191804,-0.013866008983061933,-0.014778470100257153,-0.11250877620219227,0.20483327783309382,4.73511558981811
-0.036676310938652736,-0.039089817787996514,-0.2975915322397037,0.5417946142662209,0.5650364498838112,0.6458666843996633
-0.04125875322593603,-0.3141036793109959,0.571856599853875,0.5963880306593261,0.08134693919739769,-3.064651818403029
-0.225657823022217,0.41083223121415696,0.4284560593823629,0.058441127620891264,-0.27730445362631445,-0.20417114464232713
0.515528704772899,0.5376437887862545,0.07333426284210093,-0.3479727123240473,-0.0231824008694461,3.5337860138869166
0.6167997723399646,0.08413108747678591,-0.3992038859530477,-0.026595489200848595,0.4603136644753645,-0.3832331674541542
0.14397538888723527,-0.683166430497462,-0.04551344830048697,0.7877449447118549,-0.08542961829651476,-2.723009595261447
-0.5498416424388577,-0.036631175141865764,0.634010915770374,-0.0687574206520601,-0.488546222198748,-1.890871608460024
-0.044173263117694934,0.764549073114693,-0.08291406491860595,-0.5891342752385957,-0.40909781462315287,-1.278578273395552
0.7437720620636674,-0.08066083291077523,-0.5731242507972555,-0.3979803728339054,-0.269108201565157,-4.638256997367533
-0.18314825924635791,-1.301334304116369,-0.9036531097983396,-0.6110363219295801,-2.2166366774784074,15.31410932140806
-0.05155571961128601,-0.035800551946768455,-0.024207782109535392,-0.08781778722245236,0.28994753732966166,2.2917132363974706
-0.03823080419071595,-0.02585108126537427,-0.09377913035406664,0.30963007334950277,0.046335266556431526,-2.1552964122156166
-0.025634201662918722,-0.0929923632435915,0.3070324084190897,0.04594653333141588,-0.04321151393209066,4.231640649358748
-0.09720729453283865,0.32094882542280223,0.048029085857409115,-0.04517010016191916,0.0886855426926128,1.4237237046619373
0.4368937718415368,0.06537991983831598,-0.061488106112255025,0.12072379826829702,0.040617185520572516,4.227672819156947
0.41476946067607096,-0.3900798390888627,0.7658703899046886,0.2576749585225816,0.7651522656792326,-0.8943586552325291
-0.31776709014806315,0.6238938310655285,0.20990734093050809,0.623308832245746,-0.13186016819367508,-4.475001441800819
0.38781227391489326,0.13047835888785864,0.3874486387717953,-0.0819642527618107,-0.4101152788529406,5.345935281534627
0.113047897577101,0.33568979871907983,-0.07101473784755742,-0.3553284271334104,0.42448316494402893,0.16352669020240412
0.3329452643420027,-0.07043413518984948,-0.3524233311574779,0.4210126733082247,0.012878346888553537,-3.9077301338414667
-0.07228585713576492,-0.36168858322308395,0.4320811474872861,0.013216920188223768,-0.31583931181003216,-1.046806747686156
-0.361329186466404,0.4316518042062633,0.013203787016569258,-0.31552547380252577,-0.08452328685211995,0.36000769066619337
0.5948638309241363,0.0181962759123081,-0.434828929871991,-0.11648241876715452,0.040059511152624135,-0.6291387466049825
0.06930673855525836,-1.6561946578594278,-0.44366312000790503,0.15258034553259348,-0.26664487963380434,-1.6216806667428223
-1.9250530011659348,-0.515685168180485,0.17734947440663998,-0.3099306735163689,-0.7988835276547512,-1.4451832264956805
-2.0954255632035372,0.7206385702416022,-1.2593665596366193,-3.246168532976114,-2.892868127766335,0.2520348475148093
0.5286171781115264,-0.9237956785187617,-2.3811942913365924,-2.1220343310737957,0.37007528820427604,-2.8168253995100834
-0.5965957690984922,-1.5377972344390458,-1.3704293419409672,0.23899803422396312,-2.6711216320809847,0.07055698663086397
-1.24052891671593,-1.1055145560941886,0.19279783176436813,-2.154772781777462,0.05397362377620726,-0.4523848434806533
-1.1222758528003896,0.19572094267656803,-2.1874424429146426,0.054791946716809765,-0.35130534087522386,-1.2983928921996826
0.2003629579988675,-2.2393231522439336,0.05609147579489292,-0.35963743223370087,-1.0321979007706343,2.5233204269869614
-0.9134867544672075,0.02288138722890814,-0.14670684328292827,-0.42106433338930604,0.8183041049438238,1.2014449305554258
0.03977265271276722,-0.2550072803761866,-0.7318981726976715,1.4223842572903116,0.6772490473054454,4.933147388097599
-0.09234102976403598,-0.26502863310262753,0.5150614792039727,0.2452395647004325,1.006956613068267,0.7798759636782497
-0.3063600455480808,0.5953856999590229,0.28348485721058925,1.1639922457928453,0.18401428195555583,1.0899182561307903
1.071367680375414,0.510117246538114,2.09454757216352,0.33112477244287153,0.46276453096525216,-3.2075455246588613
0.18060348597574225,0.7415600935705582,0.1172324374483559,0.1638385842577258,-0.48216434099187133,-0.6683357994130869
0.7016569490154057,0.11092419225202844,0.15502247512775746,-0.45621921049637787,-0.09505948657958098,-1.3905303624653138
0.32074331973511927,0.44825589708202385,-1.3191825978689289,-0.2748696625942143,-0.5718900766553298,1.3873898386023167
0.38308479624580577,-1.1273890650526315,-0.23490686764973,-0.4887440297308941,0.48764019745962606,0.9085273621043933
-1.174572233607668,-0.24473812349088497,-0.5091988067461245,0.5080487771985778,0.3326939570449697,1.150451513633266
-0.5506120764567705,-1.1455959877139268,1.1430086500808305,0.7484951992776593,0.9478057248178636,4.406595754099416
-0.4072341336837944,0.4063143921598528,0.26607355238087055,0.3369240529699974,1.2905264443372597,-4.352175605997229
0.1735008278209094,0.11361640761464645,0.14387037041029155,0.5510693461461226,-0.5442638034766031,-3.0646532732977994
0.09136510798179001,0.11569395832773988,0.4431447127501364,-0.437672007232248,-0.3081936647378885,4.92678413861889
0.08048823785312907,0.3082955891451893,-0.3044882302321498,-0.21441020214711576,0.3446891667323149,0.3570289191443489
0.30980676136679614,-0.30598073992587876,-0.21546117644879884,0.34637872932157854,0.025101002979794326,-4.193617184199126
-0.349205619544724,-0.2458986589412922,0.3953104982985432,0.028646938035630568,-0.33648336361329007,6.892089356029158
-0.1629381196024623,0.26194184843950297,0.018982121480411562,-0.22296163297804178,0.36643103792133724,-1.210591602325401
0.3012131399696043,0.02182799139756307,-0.25638886631578917,0.421367735518972,-0.07401300473040183,-1.001654248152832
0.026430369003830844,-0.3104478200388472,0.5102120728029232,-0.08961846238977317,-0.07415111206224298,-0.43054898136228525
-0.309533543582365,0.5087094857146379,-0.08935453381646621,-0.07393273521562187,-0.03177909332997376,-0.016214680388937894
0.7399458171258722,-0.12997106481284543,-0.10753921384937902,-0.04622443229760707,-0.001740834210068931,-0.010806040725245361
-4.925058717130948,-4.0750373428497735,-1.7516055866710025,-0.06596630345166173,-0.043962294938533965,-2.6762608279361224
-1.0156728712523506,-0.43657471719551316,-0.016441612479997116,-0.010957276356107626,-2.713716359055796,-2.444305333455962
-0.30321919208351955,-0.011419379676314144,-0.007610281478226087,-1.884788214999239,-1.7214308255262265,1.3040221389292712
-0.006822490553852509,-0.004546750784112194,-1.1260637755583716,-1.0284661583346169,0.5486804865379312,1.3771850989814265
-0.003478286692890002,-0.8614443218565262,-0.7867816650789909,0.41974326845493665,0.4432932213777798,1.236482202423165
-0.7444969337409189,-0.6799702805080898,0.3627600396153499,0.3831129136153945,0.3439714091840515,-4.595245539219508
-0.4037810531991006,0.2154147542227631,0.22750073082342548,0.2042576592714227,-0.7591003702107463,-6.4125368921231045
0.11377109194488916,0.12015428867641756,0.10787848314877042,-0.400918118753075,-0.5594700446978393,4.729475679679257
0.08068391732475094,0.07244068198793521,-0.269217559388012,-0.37568558999704493,0.2770815811257974,-1.4701543780517243
0.07746031092961438,-0.2878724397070206,-0.4017179548060213,0.29628138275186316,-0.09209887131027818,-4.76756878745873
-0.2939425211713532,-0.4101885840675073,0.30252877528273303,-0.09404086913471543,-0.3049654642571055,-0.04369042869101971
-0.42357746250232126,0.31240355276953663,-0.09711043716672514,-0.3149197771910876,-0.002885953130860439,5.008423636495309
0.3380333105418865,-0.10507743037050049,-0.3407559673866718,-0.003122718298959771,0.35797076401406935,7.225697053996424
-0.0772943410162191,-0.25065808950245644,-0.002297053251552924,0.26332119285729905,0.3798958126503905,0.7210222017492851
-0.27311315948557274,-0.002502833530262263,0.28691068013610627,0.41392857447463544,0.04130420773308999,2.241184982730513
-0.005917031436593703,0.6782950177601023,0.9785822181366532,0.09764864209513788,0.30352556372979483,7.626436043385356
0.6800376678026537,0.9810963547577761,0.0978995173129216,0.3043053701896681,1.0355082071729482,-1.4662502665878339
0.5591442687962158,0.05579467680006907,0.17342904484389038,0.5901545516139931,-0.11346246971841517,2.046723668978656
0.07994579089527,0.24849901369513624,0.8456070558180152,-0.162575489254525,0.22693745360904163,0.059727457498199445
0.23618715312790314,0.8037115327288478,-0.15452070173006816,0.2156938585348768,0.006294374743168539,-0.8853512819090267
0.7010592878472278,-0.13478489321252865,0.1881448463779819,0.005490439909337544,-0.08138581844243101,-1.4753863493606385
-0.8415990535755784,1.1747794643214047,0.03428239561036021,-0.5081743668974993,-0.8468429868864134,4.27850752210185
0.4605586207419822,0.01344001433252735,-0.19922384806916474,-0.3319949402169004,0.962759923618186,2.530165604782225
0.012649974292899407,-0.1875129366869894,-0.31247938842984263,0.906166316692733,0.5358763154825116,0.9289680883342194
-0.19459347975248278,-0.3242787010850001,0.9403834205534267,0.5561111611235116,0.2041801221523984,7.221751632058783
-0.1694400428615267,0.4913631593802264,0.2905756642704765,0.10668689782344275,0.8293786279109966,-4.468220193538619
0.282685541805761,0.1671707321189414,0.06137790947297755,0.4771488100346451,-0.2952200597505082,3.276347076322143
0.17543891783076468,0.06441363198070085,0.5007483655521442,-0.3098215049253492,0.22717832556949186,-2.409420852280866
0.05440071501830806,0.4229084479888902,-0.2616606280024246,0.19186409720453498,-0.14109657671786796,0.34290416780091354
0.4216619167081083,-0.2608893779616531,0.19129857386263496,-0.1406806916786202,0.020021406994983053,-1.9547129544177486
-0.6381722390522988,0.46794331054510585,-0.3441248267806721,0.04897518722607304,-0.27918130458951096,5.404779848810484
0.3612532080297813,-0.2656650812945589,0.03780894629879028,-0.21552854722383882,0.5959362709732424,4.003351672674381
-0.2449667801882589,0.03486320366979722,-0.19873644663725043,0.549506125480793,0.4070223631907063,-0.7121932596244575
0.04324444019575471,-0.24651338593896246,0.6816093267166247,0.5048719678789529,-0.08981634437739083,2.0451702099922295
-0.2551234173428546,0.7054160570727159,0.5225057506523514,-0.09295338110554482,0.2669296337560935,-1.7698726893468881
0.7310821315318009,0.5415167603495137,-0.0963354254703681,0.27664168352676377,-0.23940333084101809,-0.1533418255314107
0.9291598119748152,-0.16529683358052952,0.47467475334321857,-0.4107794442536032,-0.035589943983976656,8.800814513769884
-0.04958352863331796,0.1423865703539947,-0.12322011193399007,-0.010675794377682212,0.612720539745254,-1.682086495869615
0.1325675050947939,-0.1147227774078626,-0.009939585046790565,0.5704669553625847,-0.10903249471442596,-0.6460598672731804
-0.11100890199295048,-0.00961781476390711,0.5519994526712171,-0.10550282858625314,-0.0405217826792798,7.847303580379573
-0.007504531781843247,0.43071087745179143,-0.08232112487455094,-0.031618097607243274,0.3840461590739811,-1.6971853814572428
0.38840325448972096,-0.07423493226754893,-0.028512333108655898,0.3463222915128421,-0.07490128607971337,0.015147866750536473
-0.12986487217853726,-0.049878815559802094,0.6058482003836054,-0.13103057611331737,0.001169485507532674,4.061936264981669
-0.051260026207890455,0.6226249416935854,-0.13465898679070964,0.0012018701144576817,0.3222843113232713,-2.1790608726235057
0.5393042421373352,-0.11663869844437566,0.0010410338677760524,0.2791556917045048,-0.14975548740329184,-0.7363259626968279
-0.34477240709104573,0.003077192709138621,0.8251564966495812,-0.44266234582297315,-0.14957993236109696,-4.162301554862067
0.0020297796505659594,0.5442902098583415,-0.2919891948771631,-0.09866600227470838,-0.5577389301552222,-0.6762815152065368
0.5512090433680891,-0.29570086300826204,-0.0999202112067205,-0.5648287192599226,-0.09177211623388168,-3.5658050587617716
-1.0723621540754305,-0.36236165101187723,-2.0483570318572712,-0.33281250263336715,-1.7548084323239168,-1.4366191376548634
-0.34320729890479196,-1.9400813583149505,-0.31522011159728913,-1.662049669084611,-0.6696194331972334,9.863357070069876
-0.16027756999945303,-0.02604154371425495,-0.13730830464277424,-0.05531983239634872,0.3798078736945604,-2.005128590893542
-0.02925283191873079,-0.15424034768577366,-0.06214154493371769,0.4266435205419765,-0.08673265249152465,4.096151498647837
-0.14471880099423615,-0.058305430515873675,0.40030601377132063,-0.08137848276376074,0.1662430008949803,0.5061870120386859
-0.07474650014661532,0.513185019856819,-0.10432573295512743,0.21312049976866923,0.026336630619669597,-2.2939454769485246
0.47912385646154043,-0.09740141580045245,0.19897524633253152,0.02458861334693637,-0.11143102653793496,4.037177754387117
-0.2580714314487055,0.5271979490431253,0.06514914174125525,-0.2952438041081327,0.5196076934014802,4.0287815042579584
0.6150134616876185,0.07600105285119221,-0.34442264871464906,0.6061588950002197,0.6048982465943115,0.4484646522836729
0.08667642010345925,-0.39280142936426155,0.6913020420303757,0.6898643186471589,0.07679239031901637,-1.3463053282926274
-0.3271996516457607,0.5758476686310192,0.5746500594702967,0.06396729106127212,-0.19203186773739703,3.301176658510802
0.8582405790792902,0.856455668180801,0.09533654109093398,-0.28620336652647776,0.7017783063836026,0.8252473218352625
1.044284677826675,0.11624476642174358,-0.34897053228786423,0.855685074913698,0.21390912679162352,3.1223646994827154
0.14679970549039753,-0.440697443348326,1.0806019131573004,0.27013514484420464,1.022069891090865,3.5275632557439005
-0.3781959120015251,0.9273464873135174,0.2318234630357678,0.8771157183339656,0.9909416345703987,2.2589613374355935
3.3749585085601184,0.8436917374033517,3.192150072362589,3.6064048840777763,2.309449500871555,-0.7744075661600239
0.3295410431480251,1.2468350916520812,1.4086405908997843,0.9020574267530748,-0.30923950968609254,-0.5876633863819156
0.9265214493099597,1.0467588942399557,0.6703176386290609,-0.22979545620473277,-0.17438152966153384,0.9383210273194938
1.2949710243044767,0.829266341925962,-0.2842855780251353,-0.21573165447000436,0.3444583282513275,-0.68480151422866
1.5835308056736925,-0.5428593295683839,-0.4119517498067041,0.6577625866136229,-0.48004553047557086,0.6957600077391304
-1.4108573095133616,-1.0706367298572765,1.709483659396784,-1.2476081899691513,1.2675729621977676,-0.08055377576794158
-1.354363053634713,2.162508948658909,-1.5782332053296433,1.6034887837407021,-0.18564889400813053,0.35971335356924017
2.813469349826535,-2.053314393370312,2.0861724288553076,-0.241533092126619,1.0785674257790847,0.7384699118418834
-2.4067697819028435,2.4452839651927065,-0.28311034556463216,1.2642308924981458,2.5953900973297785,1.3863721223799537
2.984491670521264,-0.3455387923052339,1.5430054840191259,3.1676975915652643,5.946901238159731,-0.2722716471700681
-0.22774277291788272,1.0169866752546752,2.08781256788992,3.9195708511098264,-0.7697702475432358,1.8474128471553941
0.645203069913804,1.324563154054959,2.4866787416338827,-0.4883624721226862,3.3136285560592214,2.0968632720836595
1.0170133393452485,1.90929775085906,-0.37496977555498723,2.5442384025486295,2.8877790202355773,-5.329946052492763
0.18146467468814192,-0.035638112656004584,0.2418111024536821,0.274462105369637,-0.6976459717471672,-0.8351119814804923
-0.03808359880509289,0.25840417255967213,0.29329568625002,-0.7455184159852462,-0.11681006814552222,-2.448718043551943
0.2396070863978395,0.27196048786400195,-0.6912871945552921,-0.10831295722911906,-0.31759560226547806,6.081165749658461
0.1371549596712827,-0.3486295676080644,-0.054624329428567556,-0.1601696347973943,0.3977665374051699,4.3512176239306335
-0.2949474558491952,-0.0462132546673062,-0.1355066542746485,0.3365182965820389,0.24078678384076632,-5.044603965265288
-0.047901334367673916,-0.14045644701252308,0.3488106510018272,0.2495822535570766,-0.2893543221165135,0.33638977708766843
-0.1434929755212792,0.3563515899081801,0.25497797332875854,-0.2956098744028408,0.019712179675546816,-1.4135534812098154
0.381232230271796,0.2727806587515207,-0.31624949881098746,0.02108849359466426,-0.08861658577228308,1.8382353284917219
0.43625070621898854,-0.5057692426916809,0.03372625561457851,-0.14172210120325676,0.1843004716290863,-0.5475353061485118
-0.9492908310979967,0.06330164533493354,-0.266001725451319,0.3459181245451521,-0.10303489617978027,1.5760246186341127
0.22033658256487615,-0.9258829029197397,1.204051127048166,-0.3586377066355827,1.0323021154636702,2.832120970262471
-0.565012118523186,0.7347618969509001,-0.21885559153265075,0.6299535323255182,1.1320283884500744,4.546774619767579
0.6630350119593723,-0.19749107888065048,0.56845795838432,1.0215206574933493,1.63998086516361,5.418281872186634
-0.1211056751563565,0.3485903527305209,0.6264179101814514,1.0056706917843663,1.1984335566127458,3.163760937082755
0.872074194980133,1.5671199459869523,2.515902841496443,2.998140857696582,1.7506289176543426,-0.48140973485852817
0.695175606359976,1.1160564243080844,1.3299775770445035,0.7765803265143297,-0.11816737627095679,-0.8190171122923645
0.6897266310836778,0.8219306243413675,0.4799292586883873,-0.0730278367331593,-0.12424145925451022,1.1251284461527897
0.9887032957204424,0.5773086264526419,-0.08784544670697342,-0.14945049690596973,0.2053082931197061,-1.2427578477222128
1.206364364737281,-0.18356492810940866,-0.3122970028483213,0.4290194139771222,-0.47387233463729395,-4.98966345183301
-0.11800488893117536,-0.20076042582976517,0.2757955390340895,-0.3046292818152145,-1.2230842851786772,-2.4313966607865267
-0.20153645441155868,0.2768616117928865,-0.3058068098492519,-1.2278120514170592,-0.598296488472025,-0.298259881315331
0.26258358727357906,-0.29003605311297626,-1.1644925812250404,-0.5674417525015881,-0.06960818548617172,2.4938530559130028
-0.20511919070305717,-0.8235520145750727,-0.4013059472951529,-0.04922827531262193,0.4116144762222112,-5.199126361501435
-0.5882208757896061,-0.2866322121734232,-0.035161226863057685,0.2939950645570767,-0.612914015389099,0.7768837034784541
-0.3423062128785122,-0.04199076690087195,0.35109918871441387,-0.7319633541434107,0.10937422209781143,-11.974646988009756
-0.01088543435915112,0.09101684618726508,-0.18974978627186562,0.028353516810959205,-0.43703240672914034,6.389884199496079
0.06030002541449455,-0.1257120787403128,0.01878463005379722,-0.28954052284457377,0.15450396273818473,2.8079242241091844
-0.12415744796343667,0.01855232808006094,-0.2859598915124261,0.15259327429814798,0.06705447829112417,0.5189644566724319
0.02017445501756136,-0.310962858313425,0.16593530122071215,0.07291740153432462,0.013476695469312948,-1.923527607397866
-0.3109010909225158,0.1659023410444656,0.07290291775427099,0.013474018556958423,-0.04994108236830522,-3.441223185354353
0.5260173656218667,0.23114924419885707,0.04272132449156813,-0.15834542429175033,-0.28328262265218174,-0.09345414111176012
0.6158817185030045,0.1138281149730083,-0.42190080425265253,-0.754787622454733,-0.02049795237882283,0.19020434310701478
0.22870853236993796,-0.8477019387451119,-1.5165530011943988,-0.04118540139455979,0.08382338251317151,3.1682775989330483
-0.38869976211305357,-0.6953904006268257,-0.018884887473885496,0.038435831455822696,0.6402345067869176,0.7028921410858731
-0.7693843132503251,-0.020894358286809737,0.042525645683614874,0.7083594853759776,0.15715173301167848,4.571319547430781
-0.027665210035550575,0.05630615229170752,0.9379045613462149,0.20807701493103245,1.353246778738799,1.1458691858210928
0.06965080363764957,1.1601894957187817,0.25739161208151023,1.6739685065125514,0.41960508552191356,2.752917636331028
1.6067693078194254,0.35646671850490463,2.3183119899343074,0.58111935619953,1.3961224756634614,3.1725496562566504
0.35625007129032316,2.316903006124383,0.5807661734665442,1.395273964344268,1.6079579997401645,0.3179189573262652
2.014932068849055,0.5050726699940543,1.2134225076129446,1.3983866093982278,0.14013133314466586,-8.615181385756491
0.06162012439074687,0.14804056980260252,0.17060665115474952,0.017096371853810955,-0.46328896457649205,5.344600514089801
0.11589935066139294,0.13356609011783635,0.013384563428555318,-0.3627038874181674,0.2250106290695687,-1.4440237245071972
0.13825221495002177,0.013854156683813283,-0.3754292407773991,0.23290505717971488,-0.06292714062324822,-6.865577289514406
0.012542090101669087,-0.33987397949185905,0.21084763792914984,-0.05696758637494683,-0.2708510674835079,2.5466418339426546
-0.30298472526530484,0.18796264940997678,-0.05078443643331108,-0.24145342456635707,0.08956208138367529,-0.12049716403399571
0.3172700413908627,-0.08572118077599847,-0.40755936483446653,0.15117559449628734,-0.007153039805269353,-8.259528268382272
-0.08601906039623748,-0.40897562657657893,0.15170092707185737,-0.007177896494846648,-0.49201190320115434,-2.565911870973817
-0.4194691493204523,0.15559327914628387,-0.0073620674214916835,-0.5046359760333553,-0.15677062894513916,1.5438812496716232
0.17140367181716987,-0.008110153569183756,-0.5559138524347006,-0.17270065636331647,0.10391210554870507,-1.4296377750373592
-0.010801002608237383,-0.7403592199434527,-0.230000606512834,0.13838886199684636,-0.1281484212579203,2.009477049990174
-0.6062025073053169,-0.18832337140405,0.1133121231772129,-0.10492730039845068,0.14748421295918931,-19.36680037518014
-0.04116747954391087,0.02477002444357632,-0.022937102604664358,0.03224004155607767,-0.31072086586264885,6.989196338329992
0.018765626788986817,-0.017377015839459668,0.024424868408221407,-0.2354003250021596,0.08495255063687725,0.642798903885363
-0.017626772270440207,0.024775922238013882,-0.23878368757530596,0.08617355693886723,0.007925413060787225,-0.9543174612456204
0.024718470886807096,-0.23822998687486172,0.08597373441614246,0.007907035311420724,-0.01173900860559063,0.4386393963805671
-0.2448869576203105,0.08837613825452188,0.008127985257486951,-0.012067037154360343,0.00554645399297391,-2.948859304392857
0.6286671781500883,0.05781874674308245,-0.08583934924397801,0.03945492130986825,-0.2652452396404207,5.4423053448016825
0.08357306448205214,-0.12407493890072363,0.0570294042763633,-0.38339394685476125,0.7075776463882126,6.649648510738815
-0.06940596904601323,0.03190153549932364,-0.21446577885580737,0.3958100858882209,0.48361820614788026,0.003423546568792202
0.03408249982352767,-0.2291278383813454,0.4228698390621911,0.5166810050895313,0.0002660112755249733,-1.9015793281645117
-0.19490025792683713,0.3597006862410623,0.4394981503305875,0.00022627397254529889,-0.12568192079408547,2.639196624691651
0.5285768712392526,0.6458385154747613,0.00033250753480830334,-0.18468843403917176,0.2563285604320577,0.8118256446968087
0.7915869354849427,0.00040754556161933273,-0.2263676569569567,0.31417503720805706,0.09664128460261048,1.856524508712661
0.0013846689032214442,-0.7691023649919403,1.067435018705404,0.32834655596519263,0.750879739366245,-5.1207347316704235
-0.2358053976922478,0.32727365114668117,0.10067046174154401,0.23021837354792718,-0.6349968534016297,-2.1720977711592404
0.320113981840441,0.09846812369064813,0.2251819539735176,-0.6211052142032724,-0.26345853126944213,4.6865512199689965
0.07120194706262573,0.16282826325250443,-0.4491189526567806,-0.19050591900763036,0.4110384711918527,2.832439436516703
0.14617019163588402,-0.4031720419160058,-0.17101629737297608,0.3689873668348532,0.2230071368784502,-1.036219594819185
-0.4138374136906449,-0.1755403025156368,0.37874842920598545,0.2289064894523621,-0.08374314617067716,-2.007158915802599
-0.2803018823172297,0.6047836087195694,0.36551674429529174,-0.13372063945666693,-0.2590170800226066,4.973887170490263
0.5583234333996117,0.33743732584297437,-0.12344806549222548,-0.2391190887820837,0.5925546594983709,-1.4341475323932926
0.37560228208263097,-0.1374103324276074,-0.26616402086432034,0.6595739869923415,-0.19017850092941185,4.295750163643454
-0.11322484372672764,-0.21931669282524338,0.5434828683117167,-0.1567053267938224,0.4693847167138994,4.232705546435648
-0.2137576997179548,0.5297072752186655,-0.15273333624307853,0.4574872803114714,0.4507731769847047,-2.458337377768524
0.4901429624423159,-0.14132554599892522,0.42331714390552394,0.41710452299453726,-0.24225253282200437,-2.5109701472979427
-0.14378481784767627,0.43068348328700046,0.42436275365720183,-0.2464680823183589,-0.2517449405276236,-3.166096385753399
0.3658390628480879,0.3604699927675881,-0.20935943855833344,-0.21384180423283317,-0.2696343340573469,4.307846930503909
0.35984394052599106,-0.20899583007929579,-0.21347041093082972,-0.26916604215334655,0.3662320937870819,-10.149459662303766
-0.11720853449534405,-0.11971795807518405,-0.1509530468848867,0.20538939452360724,-0.483905628127437,8.851760988179228
-0.058441027954221784,-0.07368862094385543,0.10026204539269463,-0.23622138896522704,0.20601838373544407,2.297110403692398
-0.07386834245308414,0.10050657766763112,-0.23679751678514213,0.20652084849023986,0.05359398997327581,0.161074363692651
0.10810433352426993,-0.25469813345862446,0.2221327121368525,0.05764540691184339,0.004042120580362181,-3.8973372322134123
-0.2532818103649923,0.22089747854570535,0.05732485285067933,0.004019643192532627,-0.09725883570375606,6.617892745101122
0.4285691975267239,0.11121750391311024,0.007798618928151449,-0.18869450862164489,0.32041364276254775,-2.0372443102257503
0.17280610158204168,0.012117237730408303,-0.29318732463480196,0.49784818532480957,-0.1532569991648732,-1.8848365699402658
0.012111190893798359,-0.2930410160546109,0.49759974531726053,-0.15318051968548207,-0.14172097271615786,-1.5432321627322834
-0.28842013926132504,0.4897532426452489,-0.15076506154201794,-0.13948621676710002,-0.11420598443697315,-8.058273874786533
0.30279773668329907,-0.09321289872277315,-0.0862395734379803,-0.07060966746523903,-0.3687015164556338,-2.8366353834428355
-0.34488129519244026,-0.3190804726778414,-0.26125089877254987,-1.3641701768423748,-0.48020872122208175,5.063523022381224
-0.10781804283186827,-0.08827729367870829,-0.46095631400561926,-0.16226365731015363,0.2896479996271251,0.7657097541633624
-0.08310003128984628,-0.4339222751496528,-0.15274726305900463,0.27266080357718186,0.04123197148590947,-0.43323567246178535
-0.43162568861114364,-0.15193882954861512,0.27121771303554404,0.04101374625043827,-0.02320542195051463,-0.9565975277779827
-0.4068484835008887,0.7262430253997968,0.10982301571134592,-0.06213744542861765,-0.1372013674259431,15.383552131325189
0.13656250380983953,0.020651084384917164,-0.011684305158604375,-0.025799300793981562,0.41489223753050297,2.4023876969862465
0.02067154541911531,-0.011695881934088688,-0.02582486266598764,0.41530331154978584,0.06485625411267773,0.9000555831129641
-0.011740386097176618,-0.025923129210254022,0.4168835879592372,0.06510303954763413,0.024390881744849224,2.0004667961140785
-0.02808587665898231,0.45166387659502805,0.07053453786499037,0.0264257949236579,0.05873406742599224,-1.0895797121638393
0.44819499287010406,0.06999281619291543,0.02622283866640767,0.05828297611417743,-0.03174456504946458,-2.733648222799558
0.6387440334485507,0.23930572663466035,0.5318817740087358,-0.2896961805891341,-0.7268191949413102,4.565912848316094
0.14212173373018644,0.31588027969348326,-0.17204821639390586,-0.4316520358542735,0.7209726401776823,2.716260115009125
0.2863825574102671,-0.15598190636203332,-0.3913432457994795,0.6536463394209683,0.38885400139551207,-4.081800115370298
-0.10188863568305849,-0.25562855544118507,0.4269670457049777,0.25400256097735757,-0.3816967590742856,-0.1967261165109829
-0.26092558502139584,0.43581448087109637,0.2592658973703683,-0.3896061220169254,-0.018777425936336096,2.611672808102024
0.5024123497309986,0.29888494857400116,-0.44914277937910413,-0.02164684998010603,0.28737663548068126,0.7881380070400776
0.44031451064873456,-0.6616729415692146,-0.031889936919045174,0.42336057144151157,0.1277597086434982,2.2141858536629178
-0.7114195879649264,-0.03428752236621636,0.4551901466322999,0.13736508412467532,0.3859118876887335,1.3490863136416058
-0.19490827067229255,2.5875396699583453,0.7808552251612847,2.1937256900021187,1.3366200941849198,0.05140619813761933
3.0181024647048127,0.910788385970849,2.5587584177939364,1.559031711656203,0.05940605301665032,3.2531095663615406
0.6349255820164037,1.7837526286914966,1.0868266791195411,0.04141293781067304,2.620711685434807,-1.8175555005852473
0.7137674117585147,0.43489296290725893,0.01657135914419036,1.0486760140335676,-0.5859092104820588,-0.49347969570502287
0.4540878411255714,0.01730276950907245,1.0949614453849417,-0.6117694954289757,-0.16609992066195325,3.8976993604676133
0.010474077132022223,0.6628251407694572,-0.37032920532066355,-0.10054710488536887,0.794161117102641,-0.23736594819885418
0.646954368357637,-0.36146199408562874,-0.09813959177195464,0.7751456187870199,-0.04720558405856489,1.0370893621387403
-0.4851467337648277,-0.13172090892050536,1.0403842486896484,-0.06335834830825529,0.2768226425558112,-0.07423363323367034
-0.18746251290003424,1.480653658096754,-0.09017030997128347,0.39396834281229176,-0.028199789269550066,1.8699696966190984
1.7104126489264067,-0.104162400092095,0.4551019971063926,-0.03257566413316203,0.8205917199890608,2.851538057418907
-0.17372883075598977,0.7590487331523164,-0.05433181297618319,1.3686362825328673,2.087049032646312,0.08801913813766964
0.8567038432239545,-0.06132185056513485,1.544717634073658,2.355557488172689,0.07270958190555037,-8.383410746707831
-0.0046828518745597675,0.1179625826964221,0.17988248393459938,0.005552477604425909,-0.5288474916329273,1.2504672510892219
0.11346711475186362,0.17302729373927592,0.005340876734785636,-0.508693499647907,0.07587658309614292,-0.8294914803118828
0.18852781053099665,0.005819335061914077,-0.5542644148643988,0.08267392832973589,-0.05484135560823102,1.4179490842660332
0.0066465219158218765,-0.6330500892905639,0.09442557795081469,-0.06263675627290602,0.10707250563341256,0.6519322978631943
-0.6162056264362156,0.09191306248450247,-0.060970091135020596,0.10422347539966718,0.047918963073179784,5.982883863954297
0.2393572094114513,-0.15877646198657605,0.271415613325186,0.12478911015526893,1.1452090285943233,3.335541462875335
-0.14947585170047525,0.25551696680342384,0.1174793687302359,1.0781263972154962,0.6010705509091864,0.21139486762197374
0.3152342409146356,0.14493565765163996,1.330097021297702,0.7415476992483626,0.04699668088756288,-0.5356615737973708
0.11213933142207633,1.0291200461747225,0.5737488245381372,0.03636217932273854,-0.09213952269433286,-4.244012347820257
0.4924085348790307,0.27452464766333445,0.017398405085851738,-0.04408648684185357,-0.34929441214616425,4.743180801387174
0.33690826632330445,0.02135205907432171,-0.054104802525379365,-0.4286688857785186,0.4790876798982427,0.4704231444619803
0.025793050881962536,-0.06535800222536507,-0.5178272663968242,0.5787326112916958,0.05739802596749242,3.9538405759658777
-0.0507255419328843,-0.4018952204969455,0.44916497356786467,0.04454765864842888,0.37441682536661536,0.6028193493383079
-0.4192109161298459,0.468517291223307,0.046466998961460546,0.39054861160649285,0.05954470227371084,6.059918099031939
0.9366846766675752,0.09289929467551533,0.780805547283929,0.11904493439482108,1.1967143279808494,-0.7760333068095093
0.07286791703975926,0.6124446266508056,0.09337591241983545,0.9386732232594968,-0.1202065231832053,1.675939006809916
0.6677888293442095,0.10181392493356334,1.023497416125776,-0.13106911205185384,0.28305980625849836,-1.2151053662918798
0.08887147749297927,0.8933918188567852,-0.11440778507794468,0.24707762928778382,-0.17913859157066161,-0.24173296185093757
0.8508264282500722,-0.1089568597868186,0.23530568826612436,-0.17060358603110007,-0.03393986340422654,0.16512331469609934
-0.7850650205614248,1.6954440992361774,-1.2292471354021308,-0.24454632423716863,0.16704507050092937,-0.267608645614743
1.8873834424482592,-1.3684088381800124,-0.27223114196731807,0.18595605738230692,-0.30137142505601683,1.640009451703583
-1.4056805213778214,-0.279645967563942,0.19102098758890002,-0.3095799516060934,1.8972258744691328,1.4298125981288172
-0.35491272657032147,0.24243431839162957,-0.39290344743091543,2.407864536339644,2.099253175077603,0.33940050174237285
0.2990101560861528,-0.4845936083740601,2.9697773632946474,2.5891467169690037,0.6145964135257442,0.016598512074166787
-0.4572604980506982,2.8022694744078884,2.443107991663207,0.5799306001824641,0.028361729048397732,0.7386346763444226
4.256434527359576,3.7108955097834233,0.8808705417635025,0.04307931263560045,1.9170317196840807,3.705227334995742
0.8243506932930108,0.19567951721888094,0.00956978204967463,0.4258558137840144,2.1362287102584134,-0.4349385305827026
0.15759065628258798,0.007707031656270047,0.3429633215054914,1.7204135067584216,-0.20195093444246176,0.5126378618982308
0.007823909391892304,0.3481643870008484,1.7465037116481712,-0.20501353609990158,0.24163805553314896,-1.766222267173254
0.22619451575233568,1.1346639003458798,-0.1331926505184984,0.15698677119013738,-0.5408760287446303,5.321217546559343
0.5316489963371177,-0.06240767767975574,0.07355645959653744,-0.2534285242856787,0.7635212936058581,2.083090649506798
-0.07324147433115222,0.08632565331265052,-0.2974230006041778,0.896066434548033,0.35078205219232644,-0.5561860023980554
0.08519390534400074,-0.2935237207974628,0.8843188099641556,0.3461832236891741,-0.09243105350530026,-8.27223935967288
-0.08617585014129815,0.2596278250955618,0.10163619323514529,-0.027136902576849316,-0.40361129663087364,-0.9908123518431778
0.2628819979918471,0.10291010039507967,-0.027477036277165197,-0.40867015710411964,-0.048948709277250146,-13.937374614593745
0.0597345259833921,-0.015949141349039117,-0.23721401518854351,-0.028412448680452396,-0.3996669402038918,-10.554562509207985
-0.019875305929155634,-0.29560846062974533,-0.035406677849428386,-0.49805206013805065,-0.3771672748225184,17.540538890941722
-0.06563709866106994,-0.007861722233229616,-0.11058780976697423,-0.08374647185846294,0.13917755902539597,-2.048747709164178
-0.008276980159729835,-0.11642908260995656,-0.08816997923050705,0.14652894881782136,-0.017114687871521223,7.08937132311854
-0.10447085840465639,-0.0791141973229298,0.13147922083533345,-0.015356868689375745,0.05314004453177547,6.549903488218231
-0.11795185112440577,0.19602319187566788,-0.02289565148455729,0.07922682443167021,0.07319803548915803,1.6540781998879677
0.4019017365928951,-0.04694241535412667,0.16243689340608627,0.15007620933414992,0.03789945708787361,0.2833426677395263
-0.16113355034121976,0.5575774732396682,0.5151484483560523,0.13009288146986947,0.02228483761655974,3.5559312163081658
1.00104527325355,0.9248704332591728,0.23356191799264064,0.04000902552906965,0.5021105502672675,-5.480091760295616
0.41050544136861333,0.1036668865006318,0.017758079502727973,0.22286269042784074,-0.34345658540575125,4.995769155456984
0.12639683975520477,0.021651707744235325,0.2717274601398385,-0.4187627163678343,0.3817530715531223,4.288749366564279
0.019036169831312087,0.2389026371571198,-0.36817595553967714,0.335637095676442,0.2881364884335095,-0.5761839007540901
0.23044338629514885,-0.35513929421890794,0.323752595678047,0.27793392697520536,-0.03733980247131238,-2.4109012978726354
-0.3451230194634932,0.3146215448372151,0.27009513633234555,-0.03628667845221964,-0.15183277433029232,1.7815197398025304
0.6305332550337345,0.5412978490348753,-0.07272215731658997,-0.3042881677693598,0.2248517506493527,-4.570322810091476
0.44528686730118083,-0.05982329631020137,-0.25031602328444597,0.1849693876159956,-0.4745217201375158,3.300703203046953
-0.07224798671799312,-0.302304116305801,0.22338564880178513,-0.5730750568495228,0.4138768210317456,2.0269970354826006
-0.2686289472287801,0.19850160294522604,-0.5092373570224076,0.36777300975844707,0.22585332720091925,6.1630350266587675
0.1438953823749188,-0.3691501888201487,0.2666015643257516,0.16372286367476677,0.49779537208461166,-1.0089148971510606
-0.3365334080011659,0.2430456105352266,0.14925690125279495,0.45381196631721477,-0.07429093804308243,-0.018034416007515
0.5140252503649652,0.3156683877820821,0.9597820305872737,-0.15712037729604972,-0.0028085364339609075,7.936706502238301
0.16751893410326774,0.5093372315964806,-0.08338065878395037,-0.0014904344179440486,0.6559203542342068,0.77392476102173
0.4796495240588499,-0.07852065551163118,-0.0014035615597293627,0.6176887653447626,0.06023211642895391,0.618693676774872
-0.09851645924256942,-0.0017609877845840521,0.7749872906583964,0.07557062284570151,0.06041293528695025,0.4516889435618227
-0.001998749574125529,0.8796230903566687,0.08577387733835096,0.06856965717396293,0.0500605665969554,-2.8325181623043414
0.6344907017559127,0.06187050819990254,0.04946074105652343,0.036109743341914344,-0.22644234557873646,0.9643737740061312
0.38166387157440507,0.30511108558506395,0.22275208086063264,-1.3968668565438753,0.4755845099801193,2.3402459886332485
0.21274285234452275,0.1553169166472547,-0.9739844058331352,0.3316077650539343,0.8047126154658086,-0.9284219879011134
0.14574453846715055,-0.9139565139884023,0.3111703587296472,0.7551171583332543,-0.2995699497587591,1.8445485053833108
-0.773539316712681,0.26336319396923247,0.6391035041110709,-0.25354503272021456,0.5037322653341195,2.3246832334702336
0.6423405458376465,1.5587679033290327,-0.6183941357080938,1.228598626080429,1.5484020172840176,0.29763866113816206
1.4060582800165307,-0.5578112000953187,1.1082350793392461,1.3967079207538249,0.17882620287739845,-7.120539998103972
-0.08018446885679245,0.15930702214315123,0.20077453223345615,0.025705980971610008,-0.6149754369909707,-1.3358008379018163
0.15847078029293396,0.19972061719535733,0.02557104393744693,-0.6117472792465783,-0.11476271861675225,10.317806506512852
0.07245820626150891,0.009277119217638323,-0.2219405846127931,-0.041635665127803555,0.32159639698490544,-0.3653722868089064
0.00938791875685407,-0.22459129049804427,-0.04213293291135546,0.32543732343668846,-0.01152432728816695,1.471535450626765
-0.22324082518036917,-0.041879587981983796,0.3234804718713242,-0.011455031616559676,0.04613509486184458,-0.40617836027992277
-0.07263166000391129,0.5610113370974449,-0.01986643140008766,0.08001197446582338,-0.022085184952523547,-0.283780778094846
0.6001672471747286,-0.0212530133638016,0.08559642788079157,-0.0236266253100666,-0.016506989957873183,3.7384983646347654
-0.13979136543454332,0.563009175449694,-0.15540376115934304,-0.10857447016692742,1.4303487427343704,-2.857228079135626
0.30659493013895817,-0.08462740462075719,-0.059125825203674494,0.7789174528154296,-0.5953044780134524,-0.23147433023520414
-0.09050766677445271,-0.06323413212634606,0.8330398596075206,-0.6366686957591704,-0.051578822498887913,0.012367142899220814
-0.06378313742910181,0.8402723981899688,-0.6421963195015502,-0.0520266351929122,0.002779663867447364,0.9681425923272405
0.8271169117693157,-0.6321419550135642,-0.051212094938743465,0.002736144848685169,0.21419485392667229,-4.360808035706773
-0.7214552571063535,-0.0584476869917507,0.0031227259472850935,0.24445775539009956,-1.1011119152742104,-1.1803512138702559
-0.06885830251849658,0.003678941272575328,0.28800020907619345,-1.2972403403983133,-0.3511274052728271,4.17328436434887
0.001596435170904492,0.12497445023775335,-0.5629228495616272,-0.15236778673924836,0.5387160148244178,-6.0177032998504245
0.07253141548606386,-0.3267035062805122,-0.08842968483279535,0.31265458680467656,-0.4508349718031796,1.8258815360905998
-0.3062763992964943,-0.08290062684009807,0.2931058872317391,-0.42264655623945735,0.128238715815232,-0.7266827185927225
-0.10150479973121458,0.35888334645386677,-0.5174949295729944,0.15701745164992129,-0.06249138642136116,-0.673060873232989
0.36263147433063286,-0.5228995748171475,0.15865732012942316,-0.06314403779072131,-0.05848464553716629,-0.8309391317840784
-0.9126465424844804,0.2769136974467913,-0.11020890156272002,-0.1020765977034695,-0.12602045794724456,1.3566040140534081
1.3698418308934321,-0.5451834448400261,-0.5049544127962863,-0.6234003461589421,1.0177729987823756,0.28212968114170167
-1.031800768516697,-0.9556642926712253,-1.1798321507160103,1.926212125952104,0.40058971319301406,2.528709125124166
-0.41862087181353597,-0.5168157556099998,0.8437613559987656,0.17547502429714157,1.5727706967091575,-0.8423248469569131
-0.49051162380344193,0.8008168256113833,0.16654395337337877,1.4927221160328583,-0.4972327245723992,-2.5580836084232756
0.43903110726432304,0.09130424576415509,0.8183537389333962,-0.27259746131134927,-0.8278600589755967,-0.8222403146264391
0.10072673066895589,0.9028068296670413,-0.30072918117603037,-0.9132941901455125,-0.2935585450682771,5.145840473559984
0.32908501253759714,-0.1096197581870688,-0.332907793935714,-0.10700596662515427,0.6696772515007281,2.7169480857648325
-0.10760206068378073,-0.32678018304003087,-0.10503637943332657,0.6573509506521532,0.3470741886047008,-1.8789984495423893
-0.2956885914163161,-0.09504266382733925,0.5948071111787732,0.314051718163439,-0.2171932156514168,6.775481501858352
-0.07410667963335228,0.4637830870549065,0.24487245126590387,-0.1693499256297911,0.610658986294098,0.8003652285403763
